{
    "Meta Data": {
        "Time": "2019-02-13 00:45:00",
        "Recent Percentage Correct": {
            "+15mins": 100.0,
            "+30mins": 42.857142857142854,
            "+60mins": 60.0,
            "+120mins": 0.0,
            "+240mins": 0.0,
            "+480mins": 0.0
        },
        "Recent Standard Deviation Error": {
            "+15mins": 0.0005972592233224757,
            "+30mins": 0.000714771531303923,
            "+60mins": 0.0013679850439938341,
            "+120mins": 0.0037674524023394032,
            "+240mins": 0.004400956392656656,
            "+480mins": 0.004202020595292625
        }
    },
    "Predictions": {
        "+15mins": 1.1328227886557578,
        "+30mins": 1.132923482581973,
        "+60mins": 1.1327906030416488,
        "+120mins": 1.1323245912790298,
        "+240mins": 1.1332876132428646,
        "+480mins": 1.1336160331964493
    }
}