{
    "Meta Data": {
        "Time": "2019-02-01 22:45:00",
        "Recent Accuracy": {
            "+15mins": 100,
            "+30mins": 100,
            "+60mins": 100,
            "+120mins": 100,
            "+240mins": 100
        }
    },
    "Predictions": {
        "+15mins": 1.1462983858585358,
        "+30mins": 1.1454444815715155,
        "+60mins": 1.1454444815715155,
        "+120mins": 1.1454444815715155,
        "+240mins": 1.1454444815715155
    }
}