{
    "Meta Data": {
        "Time": "2019-02-10 17:45:00",
        "Recent Accuracy": {
            "+15mins": 100,
            "+30mins": 100,
            "+60mins": 100,
            "+120mins": 100,
            "+240mins": 100,
            "+480mins": 100
        }
    },
    "Predictions": {
        "+15mins": 1.1321172745153307,
        "+30mins": 1.132218414247036,
        "+60mins": 1.1320847973227501,
        "+120mins": 1.131793248653412,
        "+240mins": 1.1325844341516496,
        "+480mins": 1.1321745770052076
    }
}