{
    "Meta Data": {
        "Time": "2019-02-05 14:00:00",
        "Recent Accuracy": {
            "+15mins": 100,
            "+30mins": 100,
            "+60mins": 100,
            "+120mins": 100,
            "+240mins": 100,
            "+480mins": 100
        }
    },
    "Predictions": {
        "+15mins": 1.1430271678790451,
        "+30mins": 1.1431737596541642,
        "+60mins": 1.1429748120903969,
        "+120mins": 1.1424644047021866,
        "+240mins": 1.1435267560184001,
        "+480mins": 1.1431273211352528
    }
}