{
    "Meta Data": {
        "Time": "13:45",
        "Recent Accuracy": {
            "+15mins": 100,
            "+30mins": 100,
            "+60mins": 100,
            "+120mins": 100,
            "+240mins": 100
        }
    },
    "Predictions": {
        "+15mins": 0.8912543058395386,
        "+30mins": 0.8912543058395386,
        "+60mins": 0.8912543058395386,
        "+120mins": 0.8912543058395386,
        "+240mins": 0.8912543058395386
    }
}